Fecha;AGV;Tag
29/01/2026 8:00:00;0007;0100
29/01/2026 8:00:10;0007;0200
29/01/2026 8:00:20;0007;0300
29/01/2026 8:00:20;0042;0100
29/01/2026 8:00:30;0007;0400
29/01/2026 8:00:30;0042;0200
29/01/2026 8:00:40;0007;0100
29/01/2026 8:00:40;0042;0300
29/01/2026 8:00:50;0007;0200
29/01/2026 8:00:50;0042;0400
29/01/2026 8:01:00;0007;0300
29/01/2026 8:01:00;0042;0100
29/01/2026 8:01:10;0007;0400
29/01/2026 8:01:10;0042;0200
29/01/2026 8:01:20;0007;0100
29/01/2026 8:01:20;0042;0300
29/01/2026 8:01:30;0007;0200
29/01/2026 8:01:30;0042;0400
29/01/2026 8:01:40;0007;0300
29/01/2026 8:01:40;0042;0100
29/01/2026 8:01:50;0007;0400
29/01/2026 8:01:50;0042;0200
29/01/2026 8:02:00;0007;0100
29/01/2026 8:02:00;0042;0300
29/01/2026 8:02:10;0007;0200
29/01/2026 8:02:10;0042;0400
29/01/2026 8:02:20;0007;0300
29/01/2026 8:02:20;0042;0100
29/01/2026 8:02:30;0007;0400
29/01/2026 8:02:30;0042;0200
29/01/2026 8:02:40;0007;0100
29/01/2026 8:02:40;0042;0300
29/01/2026 8:02:50;0007;0200
29/01/2026 8:02:50;0042;0400
29/01/2026 8:03:00;0007;0300
29/01/2026 8:03:00;0042;0100
29/01/2026 8:03:10;0007;0400
29/01/2026 8:03:10;0042;0200
29/01/2026 8:03:20;0007;0100
29/01/2026 8:03:20;0042;0300
29/01/2026 8:03:30;0007;0200
29/01/2026 8:03:30;0042;0400
29/01/2026 8:03:40;0007;0300
29/01/2026 8:03:40;0042;0100
29/01/2026 8:03:50;0007;0400
29/01/2026 8:03:50;0042;0200
29/01/2026 8:04:00;0007;0100
29/01/2026 8:04:00;0042;0300
29/01/2026 8:04:10;0007;0200
29/01/2026 8:04:10;0042;0400
29/01/2026 8:04:20;0007;0300
29/01/2026 8:04:20;0042;0100
29/01/2026 8:04:30;0007;0400
29/01/2026 8:04:30;0042;0200
29/01/2026 8:04:40;0007;0100
29/01/2026 8:04:40;0042;0300
29/01/2026 8:04:50;0007;0200
29/01/2026 8:04:50;0042;0400
29/01/2026 8:05:00;0007;0300
29/01/2026 8:05:00;0042;0100
29/01/2026 8:05:10;0007;0400
29/01/2026 8:05:10;0042;0200
29/01/2026 8:05:20;0007;0100
29/01/2026 8:05:20;0042;0300
29/01/2026 8:05:30;0007;0200
29/01/2026 8:05:30;0042;0400
29/01/2026 8:05:40;0007;0300
29/01/2026 8:05:40;0042;0100
29/01/2026 8:05:50;0007;0400
29/01/2026 8:05:50;0042;0200
29/01/2026 8:06:00;0007;0100
29/01/2026 8:06:10;0007;0200
29/01/2026 8:06:10;0042;0400
29/01/2026 8:06:20;0042;0100
29/01/2026 8:06:30;0007;0400
29/01/2026 8:06:30;0042;0200
29/01/2026 8:06:40;0007;0100
29/01/2026 8:06:50;0007;0200
29/01/2026 8:06:50;0042;0400
29/01/2026 8:07:00;0042;0100
29/01/2026 8:07:10;0007;0400
29/01/2026 8:07:10;0042;0200
29/01/2026 8:07:20;0007;0100
29/01/2026 8:07:20;0042;0300
29/01/2026 8:07:30;0007;0200
29/01/2026 8:07:30;0042;0400
29/01/2026 8:07:40;0042;0100
29/01/2026 8:07:50;0007;0400
29/01/2026 8:07:50;0042;0200
29/01/2026 8:08:00;0007;0100
29/01/2026 8:08:10;0007;0200
29/01/2026 8:08:10;0042;0400
29/01/2026 8:08:20;0007;0300
29/01/2026 8:08:20;0042;0100
29/01/2026 8:08:30;0007;0400
29/01/2026 8:08:30;0042;0200
29/01/2026 8:08:40;0007;0100
29/01/2026 8:08:50;0007;0200
29/01/2026 8:08:50;0042;0400
29/01/2026 8:09:00;0042;0100
29/01/2026 8:09:10;0007;0400
29/01/2026 8:09:10;0042;0200
29/01/2026 8:09:20;0007;0100
29/01/2026 8:09:30;0007;0200
29/01/2026 8:09:30;0042;0400
29/01/2026 8:09:40;0042;0100
29/01/2026 8:09:50;0007;0400
29/01/2026 8:09:50;0042;0200
29/01/2026 8:10:00;0007;0100
29/01/2026 8:10:00;0042;0300
29/01/2026 8:10:10;0007;0200
29/01/2026 8:10:10;0042;0400
29/01/2026 8:10:20;0042;0100
29/01/2026 8:10:30;0007;0400
29/01/2026 8:10:30;0042;0200
29/01/2026 8:10:50;0042;0400
